{"name":"54bc52f6-97ba-466c-92c0-e120f6080a5a","id":"/providers/Microsoft.Flow/flows/54bc52f6-97ba-466c-92c0-e120f6080a5a","type":"Microsoft.Flow/flows","properties":{"apiId":"/providers/Microsoft.PowerApps/apis/shared_logicflows","displayName":"Set Automatic Replies","definition":{"metadata":{"workflowEntityId":null,"processAdvisorMetadata":null,"flowChargedByPaygo":null,"flowclientsuspensionreason":"None","flowclientsuspensiontime":null,"flowclientsuspensionreasondetails":null,"creator":{"id":"585fb530-cf14-43e6-ad4a-4bf2882fbaac","type":"User","tenantId":"72f988bf-86f1-41af-91ab-2d7cd011db47"},"provisioningMethod":"FromDefinition","failureAlertSubscription":true,"clientLastModifiedTime":"2023-06-13T14:40:59.5179897Z"},"$schema":"https://schema.management.azure.com/providers/Microsoft.Logic/schemas/2016-06-01/workflowdefinition.json#","contentVersion":"1.0.0.0","parameters":{"$connections":{"defaultValue":{},"type":"Object"},"$authentication":{"defaultValue":{},"type":"SecureObject"}},"triggers":{"Recurrence":{"recurrence":{"frequency":"Day","interval":1,"timeZone":"Taipei Standard Time","schedule":{"hours":["16"]}},"metadata":{"operationMetadataId":"a3f5203d-5da4-430a-9a06-35590a1ff6c7"},"type":"Recurrence"}},"actions":{"Current_time":{"runAfter":{},"metadata":{"operationMetadataId":"dbf882d8-566e-4fd5-9c4a-64f65bcc2d22"},"type":"Expression","kind":"CurrentTime","inputs":{}},"Compose_today_day_of_week":{"runAfter":{"Current_time":["Succeeded"]},"metadata":{"operationMetadataId":"e8d7570d-b7df-4dbb-b037-9c6c04f63b51"},"type":"Compose","inputs":"@dayOfWeek(body('Current_time'))","description":"dayOfWeek(body('Current_time'))"},"Initialize_variable_days_to_add":{"runAfter":{"Compose_today_day_of_week":["Succeeded"]},"metadata":{"operationMetadataId":"4f397655-717c-4b6b-89b1-3d9cac0a53d0"},"type":"InitializeVariable","inputs":{"variables":[{"name":"intAddDays","type":"integer"}]}},"Switch":{"runAfter":{"Initialize_variable_days_to_add":["Succeeded"]},"cases":{"Case":{"case":0,"actions":{"Terminate_Sunday":{"runAfter":{},"type":"Terminate","inputs":{"runStatus":"Succeeded"}}}},"Case_2":{"case":5,"actions":{"Set_variable_Friday":{"runAfter":{},"type":"SetVariable","inputs":{"name":"intAddDays","value":3}}}},"Case_3":{"case":6,"actions":{"Terminate_Saturday":{"runAfter":{},"type":"Terminate","inputs":{"runStatus":"Succeeded"}}}}},"default":{"actions":{"Set_variable":{"runAfter":{},"type":"SetVariable","inputs":{"name":"intAddDays","value":1}}}},"expression":"@outputs('Compose_today_day_of_week')","metadata":{"operationMetadataId":"4421b311-c4f5-4485-ab2e-a95b9e893278"},"type":"Switch"},"Get_future_time":{"runAfter":{"Switch":["Succeeded"]},"metadata":{"operationMetadataId":"8c10c53a-a33e-4793-87dd-29fbbc438da5"},"type":"Expression","kind":"GetFutureTime","inputs":{"interval":"@variables('intAddDays')","timeUnit":"Day"}},"Compose_mail_content":{"runAfter":{"Get_future_time":["Succeeded"]},"metadata":{"operationMetadataId":"cebe66c6-caba-4df0-af64-e97149afa067"},"type":"Compose","inputs":"<html xmlns:o=\"urn:schemas-microsoft-com:office:office\" xmlns:w=\"urn:schemas-microsoft-com:office:word\" xmlns:m=\"http://schemas.microsoft.com/office/2004/12/omml\" xmlns=\"http://www.w3.org/TR/REC-html40\"><head><meta http-equiv=Content-Type content=\"text/html; charset=unicode\"><meta name=Generator content=\"Microsoft Word 15 (filtered medium)\"><style><!--\n/* Font Definitions */\n@font-face\n\t{font-family:\"Segoe UI\";\n\tpanose-1:2 11 5 2 4 2 4 2 2 3;}\n/* Style Definitions */\np.MsoNormal, li.MsoNormal, div.MsoNormal\n\t{margin:0cm;\n\tfont-size:12.0pt;\n\tfont-family:\"Calibri\",sans-serif;\n\tmso-ligatures:standardcontextual;}\nspan.EmailStyle17\n\t{mso-style-type:personal-compose;\n\tfont-family:\"Segoe UI\",sans-serif;}\n.MsoChpDefault\n\t{mso-style-type:export-only;\n\tfont-family:\"Calibri\",sans-serif;\n\tmso-ligatures:standardcontextual;}\n/* Page Definitions */\n@page WordSection1\n\t{size:612.0pt 792.0pt;\n\tmargin:72.0pt 90.0pt 72.0pt 90.0pt;}\ndiv.WordSection1\n\t{page:WordSection1;}\n--></style></head><body lang=ZH-TW link=\"#0563C1\" vlink=\"#954F72\" style='word-wrap:break-word;text-justify-trim:punctuation'><div class=WordSection1><p class=MsoNormal style='text-autospace:none'><span lang=EN-US style='font-size:9.0pt;font-family:\"Segoe UI\",sans-serif'>Thanks for your email.<o:p></o:p></span></p><p class=MsoNormal style='text-autospace:none'><span lang=EN-US style='font-size:9.0pt;font-family:\"Segoe UI\",sans-serif'><o:p>&nbsp;</o:p></span></p><p class=MsoNormal style='text-autospace:none'><span lang=EN-US style='font-size:9.0pt;font-family:\"Segoe UI\",sans-serif'> If any urgent help you need during my working hours when I am temporarily OOF, please feel free to contact my Manager John Doe&lt;johndoe@abc.com&gt;.<o:p></o:p></span></p><p class=MsoNormal style='text-autospace:none'><span lang=EN-US style='font-size:9.0pt;font-family:\"Segoe UI\",sans-serif'><o:p>&nbsp;</o:p></span></p><p class=MsoNormal style='text-autospace:none'><span lang=EN-US style='font-size:9.0pt;font-family:\"Segoe UI\",sans-serif'>If it’s non-business hours, please feel free to send email to global duty manager at dynsolve@microsoft.com, who will help to arrange resources for you. Sorry for any inconvenience brought to you.<o:p></o:p></span></p><p class=MsoNormal style='text-autospace:none'><span lang=EN-US style='font-size:9.0pt;font-family:\"Segoe UI\",sans-serif'><o:p>&nbsp;</o:p></span></p><p class=MsoNormal style='text-autospace:none'><span lang=EN-US style='font-size:9.0pt;font-family:\"Segoe UI\",sans-serif'>Best Regards<o:p></o:p></span></p><p class=MsoNormal style='text-autospace:none'><span lang=EN-US style='font-size:9.0pt;font-family:\"Segoe UI\",sans-serif'><o:p>&nbsp;</o:p></span></p><p class=MsoNormal style='text-autospace:none'><b><span lang=EN-US style='font-size:10.0pt;color:#505050'>Milena Chen<o:p></o:p></span></b></p><table class=MsoNormalTable border=0 cellspacing=0 cellpadding=0 style='border-collapse:collapse'><tr style='height:7.2pt'><td width=198 valign=top style='width:148.85pt;padding:0cm .5pt 0cm .5pt;height:7.2pt'><p class=MsoNormal style='text-autospace:none'><span lang=EN-US style='font-size:10.0pt;color:#505050'>Support Engineer<o:p></o:p></span></p></td><td width=282 valign=top style='width:211.15pt;padding:0cm .5pt 0cm .5pt;height:7.2pt'><p class=MsoNormal style='text-autospace:none'><span lang=EN-US style='font-size:10.0pt;color:#505050'>Office: +886 (2) 0000 0000<o:p></o:p></span></p></td></tr><tr style='height:7.2pt'><td width=198 valign=top style='width:148.85pt;padding:0cm .5pt 0cm .5pt;height:7.2pt'><p class=MsoNormal style='text-autospace:none'><span lang=EN-US style='font-size:10.0pt;color:#505050'>APAC Power Platform Support<o:p></o:p></span></p></td><td width=282 valign=top style='width:211.15pt;padding:0cm .5pt 0cm .5pt;height:7.2pt'><p class=MsoNormal style='text-autospace:none'><span lang=EN-US style='font-size:10.0pt'><a href=\"mailto:milenachen@abc.com\"><span style='color:#0563C1'>milenachen@abc.com</span></a><span style='color:#505050'><o:p></o:p></span></span></p></td></tr><tr style='height:7.2pt'><td width=198 valign=top style='width:148.85pt;padding:0cm .5pt 0cm .5pt;height:7.2pt'><p class=MsoNormal style='text-autospace:none'><span lang=EN-US style='font-size:10.0pt;color:#505050'>Customer Services and Support<o:p></o:p></span></p></td><td width=282 valign=top style='width:211.15pt;padding:0cm .5pt 0cm .5pt;height:7.2pt'><p class=MsoNormal style='text-autospace:none'><span lang=EN-US style='font-size:10.0pt;color:#505050'>Working hours: Mon - Fri, 9AM - 6PM GMT+8<o:p></o:p></span></p></td></tr></table></div></body></html>"},"Set_up_automatic_replies_(V2)":{"runAfter":{"Compose_mail_content":["Succeeded"]},"metadata":{"operationMetadataId":"a0085c80-bfc2-4993-b254-7283b904fa98"},"type":"OpenApiConnection","inputs":{"host":{"apiId":"/providers/Microsoft.PowerApps/apis/shared_office365","connectionName":"shared_office365","operationId":"SetAutomaticRepliesSetting_V2"},"parameters":{"body/automaticRepliesSetting/status":"Scheduled","body/automaticRepliesSetting/externalAudience":"all","body/automaticRepliesSetting/scheduledStartDateTime/dateTime":"@{formatDateTime(body('Current_time'),'yyyy-MM-dd')}T18:00:00.0000000","body/automaticRepliesSetting/scheduledStartDateTime/timeZone":"China Standard Time","body/automaticRepliesSetting/scheduledEndDateTime/dateTime":"@{formatDateTime(body('Get_future_time'),'yyyy-MM-dd')}T09:00:00.0000000","body/automaticRepliesSetting/scheduledEndDateTime/timeZone":"China Standard Time","body/automaticRepliesSetting/internalReplyMessage":"@outputs('Compose_mail_content')","body/automaticRepliesSetting/externalReplyMessage":"@outputs('Compose_mail_content')"},"authentication":"@parameters('$authentication')"}}},"description":"Setup regular OOF mail from 18:00-09:00 everyday, 16:00 China Standard Time. Need to be turned off when public holiday or expected leave."},"connectionReferences":{"shared_office365":{"connectionName":"shared-office365-33f98b2c-066b-4913-af7a-e9b71cbadff3","source":"Embedded","id":"/providers/Microsoft.PowerApps/apis/shared_office365","tier":"NotSpecified"}},"flowFailureAlertSubscribed":false,"isManaged":false}}